USE QUAN_LY_BAN_HANG;
GO

insert into KHACHHANG (MaKhachHang, HoTen, Email, SoDienThoai, DiaChi) values (1, 'Elga', 'eguillon0@springer.com', '5471604199', 'Suite 13');
insert into KHACHHANG (MaKhachHang, HoTen, Email, SoDienThoai, DiaChi) values (2, 'Zacharia', 'zdayley1@about.com', '2295117497', '14th Floor');
insert into KHACHHANG (MaKhachHang, HoTen, Email, SoDienThoai, DiaChi) values (3, 'Marlowe', 'mcritten2@gizmodo.com', '7494429107', 'PO Box 18384');
insert into KHACHHANG (MaKhachHang, HoTen, Email, SoDienThoai, DiaChi) values (4, 'Denice', 'dstainer3@odnoklassniki.ru', '7477875476', '18th Floor');
insert into KHACHHANG (MaKhachHang, HoTen, Email, SoDienThoai, DiaChi) values (5, 'Debi', 'desmead4@list-manage.com', '9743558205', 'PO Box 20046');
insert into KHACHHANG (MaKhachHang, HoTen, Email, SoDienThoai, DiaChi) values (6, 'Kennith', 'klamberts5@wp.com', '9132955646', 'PO Box 69002');
insert into KHACHHANG (MaKhachHang, HoTen, Email, SoDienThoai, DiaChi) values (7, 'Aggy', 'astrahan6@ebay.co.uk', '1942569345', 'Apt 1472');
insert into KHACHHANG (MaKhachHang, HoTen, Email, SoDienThoai, DiaChi) values (8, 'Skylar', 'solle7@drupal.org', '3193787460', '9th Floor');
insert into KHACHHANG (MaKhachHang, HoTen, Email, SoDienThoai, DiaChi) values (9, 'Roldan', 'rmycroft8@gov.uk', '6056066759', 'Room 806');
insert into KHACHHANG (MaKhachHang, HoTen, Email, SoDienThoai, DiaChi) values (10, 'Brit', 'bfaldoe9@latimes.com', '9538404921', '12th Floor');
insert into KHACHHANG (MaKhachHang, HoTen, Email, SoDienThoai, DiaChi) values (11, 'Gusella', 'gbewfielda@spiegel.de', '5085050528', 'PO Box 31376');
insert into KHACHHANG (MaKhachHang, HoTen, Email, SoDienThoai, DiaChi) values (12, 'Cameron', 'cfonteyneb@phpbb.com', '3083253439', 'Apt 552');
insert into KHACHHANG (MaKhachHang, HoTen, Email, SoDienThoai, DiaChi) values (13, 'Lemmy', 'ldysonc@google.nl', '4061435604', 'Apt 448');
insert into KHACHHANG (MaKhachHang, HoTen, Email, SoDienThoai, DiaChi) values (14, 'Seward', 'stackelld@github.com', '7907040165', 'Apt 69');
insert into KHACHHANG (MaKhachHang, HoTen, Email, SoDienThoai, DiaChi) values (15, 'Mendie', 'mmccathye@techcrunch.com', '6493277139', 'Room 1982');
insert into KHACHHANG (MaKhachHang, HoTen, Email, SoDienThoai, DiaChi) values (16, 'Osbourn', 'ostallibrassf@nasa.gov', '1635787843', '13th Floor');
insert into KHACHHANG (MaKhachHang, HoTen, Email, SoDienThoai, DiaChi) values (17, 'Simonne', 'snazarethg@bluehost.com', '1223972781', 'Room 1269');
insert into KHACHHANG (MaKhachHang, HoTen, Email, SoDienThoai, DiaChi) values (18, 'Wakefield', 'wdefewh@unc.edu', '7365716852', 'PO Box 28086');
insert into KHACHHANG (MaKhachHang, HoTen, Email, SoDienThoai, DiaChi) values (19, 'Farrel', 'fsafei@forbes.com', '1246069554', 'PO Box 96658');
insert into KHACHHANG (MaKhachHang, HoTen, Email, SoDienThoai, DiaChi) values (20, 'Gasparo', 'ggrousej@twitpic.com', '9919032417', 'PO Box 81687');

insert into QUYEN (TenQuyen) values ('Admin');
insert into QUYEN (TenQuyen) values ('Manager');
insert into QUYEN (TenQuyen) values ('Employee');

insert into NHANVIEN (MaNhanVien, HoTen, CCCD, SoDienThoai, DiaChi, Email, MaQuyen, Anh) values (1, 'Jacky', '7291818473', '1392359254', 'Suite 46', 'jpetrazzi0@taobao.com', 1, '0xFFD8FFE000104A46494600010200000100010000FFDB004300080606070605080707070909080A0C140D0C0B0B0C1912130F141D1A1F1E1D1A1C1C20242E2720222C231C1C2837292C30313434341F27393D38323C2E333432FFDB0043010909090C0B0C180D0D1832211C213232323232323232323232323232323232323232323232323232323232323232323232323232323232323232323232323232FFC00011080096009603012200021101031101FFC4001F0000010501010101010100000000000000000102030405060708090A0BFFC400B5100002010303020403050504040000017D01020300041105122131410613516107227114328191A1082342B1C11552D1F02433627282090A161718191A25262728292A3435363738393A434445464748494A535455565758595A636465666768696A737475767778797A838485868788898A92939495969798999AA2A3A4A5A6A7A8A9AAB2B3B4B5B6B7B8B9BAC2C3C4C5C6C7C8C9CAD2D3D4D5D6D7D8D9DAE1E2E3E4E5E6E7E8E9EAF1F2F3F4F5F6F7F8F9FAFFC4001F0100030101010101010101010000000000000102030405060708090A0BFFC400B51100020102040403040705040400010277000102031104052131061241510761711322328108144291A1B1C109233352F0156272D10A162434E125F11718191A262728292A35363738393A434445464748494A535455565758595A636465666768696A737475767778797A82838485868788898A92939495969798999AA2A3A4A5A6A7A8A9AAB2B3B4B5B6B7B8B9BAC2C3C4C5C6C7C8C9CAD2D3D4D5D6D7D8D9DAE2E3E4E5E6E7E8E9EAF2F3F4F5F6F7F8F9FAFFDA000C03010002110311003F00F2CBF1853CD60393E61E6B66FAE03AD6216CB9ACA1B0325849132F35A12B1F24F3DAB3E1E665AD0906616FA558156D326715D1C3C475CF597137E15D9E87A0DF6B3CC09B2DC32AC93B9C2A67BFBF7E056555A4AEC8942536944A51E4F0324FA0AE8744D0756D46DE5B9B4B2964862FBEFC0ED9E33D7F0AEEF48D22D7424B7369610CF7489913491E5F2189DCD9E17827A1CE00AB6D773C3702E44A92F9CA1D940CAAE7A0FA81F957955B308D2D62AE7752CAE557E2958C65F02EAFE482D25A2499C189A71B8719E7B5676A3E05D716E96DC470397CEC7132E1863AF3CE3F0ADBBCD4A7B894CD248C5C1C029C1C7D45519F56991239E092E848A3CB772D91CF400FE7C5611CE2526ED13BBFB0924AF239BBBF87DE27854B0D31E4007FCB2756CFE00E4D70BADD95D59CCA97304D0BFF0076442A7F5AF6AD3FC41348111E492221D53CDCFCB8FEE9C83CE01C568CDE23B1D6639ED355D3D2F924631A679438C600CFF163E879FA577D2CC212579687254CB274E5EEEA7CDDCE7BD3B9C75AF69D5FE11E95AD406E7C2D7460B90096B2B870C09EA029EC3DF26BC8B53D2EFB48BC92CF50B592DEE2338649171FFEB1EF5E8426A4AE8E2945C5D99447DEABF013B7AD501F7AAF43F76AD822D3212959C4E246E6B50B0D9F85644A7121A92D119639EB4520FBC68A042CA5994F354B90D5A2C46CAA2C017349195896038956AFBB7EE9BE954231F38AB8AAF332C51AB3BB9C2AA8C927D29946CF83BC2F77E26D584109F2E14E659987083D3EA715EF9A758C715959C1047E558A05C6EED838000F53D727AE6B3FC01A0AE87E12B48E6B631DDCE3CC9BFBC5890541F4E0A83F8D6F5D40F342609272923389FE5EA554AF1F4FE98AF371337376E88F42845455FA8CD524B7F9D1914A93B083DFBD664E5A48A589536AA2A8DCDFC3C024FB01D296F3F7F244E6451082B33367F8770CE3D6ABB4BE64578863C2BB0C06E006278FD01C57935E4E4DA677D26A36B19970CF14134492878CB7CC53186C7BD518FED56DA74BF2AB5BCEA530C32037AFD78AB5A9CBE5C2570776083ED541EE435A4502A63692CCDB8F27E9D2B86936AEF6EC76CAA36911AA3FF67C88260B189449E59192CD8C647E150BCEE618AD47CB12399005FE263DCFF2ABE3CB6B455030E09393EF8E2991D88950C80E19580031D735B5E5B79131A917AB26B3BD9ED044E1B786CC8A158A956E9D473D81AD5D62CEC7C5F02E99AA000B826D6ECFCCD6EC7B93C6549DB91F5EFD2AA58B79613CB0427F17427233530B094481D401C15073DABA28D7AB4A5A2D0E6AD4E9D55A9E23AD68B7BA06AD369F7F16C9636C6472AE3FBCA7B8351C5F76BD93C7BA57F6DF830CCD196BED28798920EAD113F329F61D7F0AF1B8ABE928D55560A48F1274DD3938B1F2484262B3E5396ABF327CB59EDF78D6840D14521FBD450043E6B1CD45B8EE26A44C6298CBF350644D137CC2BA5F07877F1968C232A1BED9160B74FBC2B968F8615D2783E568BC61A3BAA6F61771E1738FE214A5B32E3B9F4D5E6A4965190C8A11186D6EA5B239FEB5E7F278E2D61B88D2DACA7BBBA550AA002A4920E473C9EDDBB55AD7755BF17F05A586C6BFBB25026C04AA1FBA7F1E4D6DE99E19B1F08D84D75732ADCEA0E30D230FBBC6702BC869D477E88FA38D0A387A3CF5B594BE14BAF9BECBF338496FF5C50CA96296A65ECEC58E339C530EA3AE468C25963DA486C6DEFEB572FBC4F6E978C92CA99DDD33CD49098F52FDE311E5F41CF5AE29AB69144C6B5B59452398BCF136A5116492DA3B843FC40114C8BC492C8573A6B00473893FFAD5D5DCE91063200AA63478C3760293E5B59C3F12FDBD368AA9AF5988F718AE0023050A0C83EBC1E454C9AF585B22017A1770DC038230738C1CD5A5D22D49F98FE54D9741B19D4A15E0F5C8CD4C69C1FD9FC48F6B0B9BBA7EA915C468D1CB1BEE6C1DA411D3AD6CBCC086014E000723D0F5C1AF1BD6343B8D06E165B4B9658A43F2946C107D0D5FD1BC7FABE9DB6DEE523BA8C7CA1986180FAD76429E9A3BAFC4A9612738A9D3D533D7161495240C9BA3914A3AFAA91822BE77D46D7EC1AB5E5A007104EF18DDD700915EEDE1ED7ADB5A849815940504A375539FE55E23E21944DE27D52405486BA90E50E41F98F22BBF07D6C7918A8CA32E592B34556198EB2A71890D6AE7F7759971FEB0D769CCC8734537BD1408AE8FD8D380C9CD0919F4A902D333426306B57C3F14D71E20D3A081D92592E235575EAA4B0E6B3B15D5F832CA386F2E6FEF1658BC8B5335AB82577485828C1FC4FE47D2B2AD250836CE9C251956AF184776D1E8BA0EB16FA7F8FAEEFB519C4823F3115DB8F981C0007E1815B3E20D52436D2EA37E5511D330DB3807248E0B03E991C5711E1AB592F7C430CA42BC701F3642CDD0E0E0FB9CE297C6DA9B4D75240EE1CAB9D81738503FA9AF9E9CE739AA49E9BB3EE71583A72C526FECC527F2399D46E7ED3BA73144D386C991500CFB9A845CCF6B01105ECB1ABE199233C293E9E955A177DCC8A54330C0CF43EC6AD5A0696DDE67604A8DBBC804F5CF4EF5E859455BA1E756829CAF62EDBEB9AD470656712C608C99072A3D6A74F116A3247209A68E138255B6FA67AE7BF4A65CC11C7A7848F6492BA0F346EE8739E9F90FA8AA571A7C0583C976ED3F528C9919EE3AF6AC92A72DD7E073CA828EE8B8FA9EA4FE54D15EB18DD33BB03823A8C63FCE6A4D3FC41A999DA2B8986C5EB204E9F5ACE30489769332A3418014AF1D31C9F7C54775225A92C24664566407BFB1C771D466AB922D72A4274E1BC9684FAD6A578F2471DD29191BC367822B3839621AACDC4A2FB4C494B0DC9F2EDC7AE075FF003D6A92208DD5776723F235AC22946D6D4EDC34DC7DC5B1DBF842F12D9E4629234B00334423FE3F94E50F38EC0FE75C0BCAD34F24AE7E6762C7EA79AEC7C3172B67A82DCA7FCB3424E7BE48E2B07C4760BA76B73244816DA5FDEC183C6C6E9F9723F0A7849A55650EFA9E6E7949A9AA9D0A40FEEEB3AE7FD656803FBBACDB93F3D7A4782C83BD14A28A045A307EEF38AAE461B1579A4FDD552272F4A3720561C57A4E98AD75A2695A7E9C8184D01CEFCE3767E66FC086FE95E6EC38AF4CF85BA6F976F77AACCEC401E4C718EA0123247A7231F81AF3F33B2A5CEDECFEF7B1EAE5188746BDD2BB6ADE82829E1CF10BC2B207475442F9CE1B2A4E7D07CA7F3ACBF10C12CBA84B294F9B3CAA723B57692E996F792DD3A41B2089C2B48CB967007DD1E9CE49CD66EA377F6B306A3A7C70ABBC6C24475DBE76081EA3904679ED5E3D3ABEFA95B5B6ACFAC55252BD95FF003392B4F0FBDE444B3885FE62BBCF042F5E3F2A82FE79229041161523403119FF0039A6EAF7730BFF00B3A2BFEE49540480073C9E3DEAACD6BA94F6AF3A5B62240199CF7FCFAD7A905276736ACCE09D48C5BB6AC496F9A38B6A606E5DB83DB352413C31DA932C25B38C1619C9F5F6ACBBC4B931C65815192C70BDFD4D13457D059C333E0C529648CFAE3FFD7FA56FECA2D2573CEAB8CF79F3236EDF52814A79937CA9C608E0F033C1F7AAF7B0F9D335B5BC65CED1B73F29191C727B60E7159A9A4DD2347E7370CBBC0CFAFF00FAAAC0760EB966F3D48E7D31D3F2153C918CAF065C64EAC6D3562295350D2A458E781D7B8FEEB639FC6A6B2952EEFC34C5514B6E2B9C0EBC8AEAA159E69A1864D8C3CADE013CA1CE413F9E2A1874786E750777894C39C055EA09C6727B562F13169F32B3B6E8DE9D2A9092F7AE8727D9E58E1308D8D22988281807E6383F5E39FC2B035ABA7B8D45A2739FB36600DDDB04E49FC73F862BAB9E0BDD22D21BBB4B092E88DF2290DB9631EC3AF1C5705860C77021B3C8357828A949CFA7439336AF74A9C5FA9654FEEEB36E0FEF2B453FD5D675C8F9EBD33C321EF453851408BDB0F95D2B4BC3FE10D5BC4571FE89015B707E7B89388D7F1EE7D853E064B729298A39B6F3B2404A9FAE0D47AAF8A758D4231692DEB25A28C0B78408E303D36AE0565CD37A44877E87B0F87FC13A126892592BDBDCC4E584D7A0296624EDDA0F38039E07A7AD5A98A6916A618D6148B2A15621F786DC0CFB818FC6B0BC0F76751F0AE996AB2E258BCE5C1E876B039FC03A8E6B626B2B907CEBA509B63223694E048413CE3B9C11F957C762EAD475A519F46FF3B0A1889519A71DCE6E4D40C3737104BB92DE4B932070A4A9F971B4E3B83835850EA66E57FB32FA3723CDDEB32F55071F98ADFBB96127EC56E8CB233823B679C9A6DD5CDB5FD8164443259B4714B205F9B904027DBE503F1AEAA73497C3FF0003B33E870D9FC64ECD59BFEAE7350E9D05AEB8B26A0716BBC26E270083DFF5ADCF16584A2D6DED62222689883BB2011C0C71E98E3F1AB5ACE8D6B65A7E991EA29231913CC9F272E339381E8702B2FC5DAD34F1B4B1C5B6DD580561D89EDF5ADAF39D585B75F71E663338752B5A936BBFF999935CC316BC6CE750D022ADBC8360CBE1572DF8B0ACDD7EE036AF02C921F2506E5247033CE71EB9A517D149646EDE32F77B9114371D4FDECF4ADBD4347DBA15E5F88125BD709142339DA15BE623EBD39F4F7AED4D539C79BD3E7A6A714312D568CEA7A7E5A99D15BCBAB048AD49CC4BE649211C22F4C67D7A0A92CBC326E2F123377F31623023E0E39E4E6A7F0DCB2E87A44F77A842585D7FA384538318277163F90C55FD775687C3F35A3D95B02D37CEECC490B9EDF8E6B1A952AA9BA74BCEDB7CCEAAD98D495651A4FF00AF999FAADBCF6B74B7528DA928DB1946E72BD78AD3D30C4E5B6387E70483FC58AC7F125CDC5F5CDBBAC6CBE5C01C229E0023279F5EB50F87F51C1C06011DB272791EF533A529D052EA7BD82C5BA905CEEF23A636F362DCDAB62E2294A852782871FAD53F190B3BCB19AEA4B2116A110406456E18640CFA1EBF5A6DFC6F75023433F97801D89E87B7E9CD67EB1A84F0E82B6EEA932CEB86900C18C86071E841A785E6E68D9EB72F3050749CA5FD33984FF57552E2324E6AD47F7299704100D7D01F305051C9A29037CED8A2811A86E07978CD67C8DB9F34993EB498A12B105ED3F50B9D3AF60B9B79991E27DCBC9C7BE7D8E39AFA29E2378B15BCA3CC46CAC68390BB549C1F4E99E7D457CD27A57A4FC32F11B249AD5ADF4F2CEF3DB06883B649230A71DFEEE3F2F6AF2F33C0C2BA552F6E51AA7ED1A5D4EC757B1864B781EDDCACECF852BD4027005695CD9F85FC2FA74D3CE11AE6EE433BC7924C87F8463BE324E0FAD606A7657315AC570CF702DB2A5CAF041201DBF9563F89A6B39EEDDE269248131E4BE4F3C0AF0F04ACED2D53BFA6EBFA4736128B9D49A6B5367E215EB2B5904884DB76CB728AD831A7007E7B8FE55CA4FE1D9ADEE755B4BF190594633C1201C301F88AD57BD5BCF1225D4A3CEB511C71CA80FF00AC50A3233FE79AD0D6B50B5BCD52EA58587943E7F4E2BD18357B276FEAE74ACBA57552470F068EFF006274B838283E4039DD51BDB5CDEADBDB5E96221776D993C0201E7D4F14B79732CF7123090F979F900ED535ADD93A8C6D3373B7927B92B8ADDB77BC4AAF85E4E57DD938B8135EC96D39D80ED911738DEDDB157759BC867F2BF7449972CF1B8E9D863DAB5E2D334EBFB28E670A2781F863E95CBEB1AA8FED5967B750D02AB2A71D4E0FE993587B16E49DB639EA619EF1E84FE646E628D3712095650DB8A8C03FC89AA9159430DD028046B312B296FE01D987E38E2B3ED62457FB465848D1AC853D4E393FD6B47481E65BDCAC91BCB3329078CF1EB5A4A1C89F2B30A75AA425EE17209274DF04CA1CE7606070319E79F4AD7D5344377E0BB9FB046CF3AC8B218C2EE628B9CE0FB71F9563D9C7B621147BCB444E3770704F43F4E6B5B55BDB887C3FA9431BC8EC6DFE65C7F0965C9FCAB95B92AD1E4EE8F42AE615AA3516ED7D1A3CE50FCB556E58E7152ACA02D559DF26BE944420FCC68A629F9CFD28A605BA2BD653C0FE1245FDE4D7729C7F0C87FF0089A97FE10DF05E33E45E8C777B823FF65AE6FAD5334FAB543C80F4AE8BC033A5B78EB48924202F9FB4E7FDA047F5AEE9FC23E104276DBC8DEDF6973FFB2D40BE16F0DACAAF1DB4D1B03905667241FCAA2A62A128B5AEA5C30F3524CF55BD3A74B632D9CE50C722EE45006549E87F3AE275AD32C23D392D21D80C44E481C93D3FC29B2F9F29DD06A5347850373C61B3F5CE3DEB0EEB46BDB80EDFDB527272736DFE06BC454AA49EB647A6A3461AC6F721805B5B64039008239EA38FF0359DA85D46C1973C631533F862EA41C6AC47FBD6E47FECD5527F06DD3B0C6AA8C4F3831103F9D74470F1E6BCA453A9A688C39EE5117AFE54F668E55524F05067F3C55C7F055D03F36A91EEEA0185AA43E0EBB16BB3FB423273C37967A7A7E75D76A7A5A47156E69B8D96CEE4704CFE494F3E4D9D08DDD6A39904E3CA41C93C5594F09DDC601FED54DBFF005CCFF8D28F0D4E41CEA79C9EA23FE553EEA77E62A50E6E866DA4925A4ACE402C300260735DC785674B379DEE2D9636701839208FA0F7E95CD0F0B3A36E3A949BBDE3A9A1D13276C9AACAAA3BEC3FD294926EF16AE732C24233E7699A578E8DA9CF1C0A9B99CB7983A80DCE3F9FE7593ADF8BAD62B29EC52033CF2C2D0CD26EC043C631C738201AB71787F4C6625F5C98127276C4F9FE7572DFC3BE07850FDA05C5CB9EA5CBA8FD0D14E85253E7A8CCEA61D37CD1479579F4D2FBABD7C787FE1DBB2AB23C618E37169703EBCD12F86FE1FC4088E19E73DB6CB20CFEB5E97B686E47B29F63C787DFFC28AF517D07C24F211169372A077372DCD153F59A7DCAF613EC3D6EE6EF2863F41538BC7C7CC7383E9530D3A32C5999828EA739FE8299259D8AFCA0B1FAAE7FA57CE7B54CF7553233A93A91B4C80FB27FF5A9ADA95C861B1093DDB23F954D0A59E3015C8F5E98FD294D9DB9C95731A8EBF283FD28F6B663F67A111D4B516180FB41FA530EA570BC3CA33E8179AB09691BA911DCF98DE8B807FA531AD1D0305490BFA6DFEB9C51ED56C2F66547B9BA707FD21C7F9F4A417331DAAC54FA64B7F4A618D6262C66918F71B071F9D1B891B85C5AEDF43C1AD6EC5CA893CDB857DE8FCE7A06341BCBC3B833A8CF6DFF00D299B95D3F726266C750E067F954656E957FE3D8B1F639A357B872AE8486E241F79A203EA7F9547F6E60B81320F4C0A85A7D83125BB29F7AAED3AB8C2C3CFD2A946FB93B6C59FB492D93724FE548D7273C4C0FE02AAB06182500FA605355933925727DEAD4106ACB3E6EECEE7EFD9719A89CA30FF5847E3513491AF4D9F81A85A651D98E7D0E7156A2C86AC56BF92485D5D240474201AE9ECC6FB781C630467F1AE56F644962D98C312306BAEB001744DFC65703F2AD67A41232B7BCC716D929C7A6318A2A19D81949C903DA8AE6BD8B123BC7C903773C1CB1355E5D6A647F2F6F4E320D1454C29C5BD51D77B5841AE329C6D73CF739A7C5ACCEE4B0760A3A0E28A2A9D385B61DDDC749ACCAA0AB176CF5E7154DF579360D8D2AF19CEFE68A29C29C7B0DBD4A726A1212597249EA4E01FD055692FE76E437E7CD14575C611B2D0E394E57DC48F5099C11F2F071CF35646A33A8040418E847068A29CA9C7B04672B6E126AD74D16C7959D5BB31CD673DD4C49DA401D68A29D3847B0AA4E5DC8DA699864C871E94CFB44A3A351456EA2BB18F3CBB88D34CC3EFF001E94824971F78FE74514AC89E797723F35CC80704E7A935DD69C5BFB20A67AB60D14563884BDD2E2EEC67CCF1AB719E945145723DCB47FFFD9');
insert into NHANVIEN (MaNhanVien, HoTen, CCCD, SoDienThoai, DiaChi, Email, MaQuyen) values (2, 'Carver', '5996715565', '5554454769', 'Room 1698', 'cwalsom1@cloudflare.com', 2);
insert into NHANVIEN (MaNhanVien, HoTen, CCCD, SoDienThoai, DiaChi, Email, MaQuyen) values (3, 'Barret', '9193863715', '4814614264', 'Room 804', 'bcheales2@bigcartel.com', 2);
insert into NHANVIEN (MaNhanVien, HoTen, CCCD, SoDienThoai, DiaChi, Email, MaQuyen) values (4, 'Milka', '6495533420', '6159697886', '8th Floor', 'mblasius3@jiathis.com', 3);
insert into NHANVIEN (MaNhanVien, HoTen, CCCD, SoDienThoai, DiaChi, Email, MaQuyen) values (5, 'Giustina', '2204864431', '6333606961', 'PO Box 11817', 'gthorneley4@state.tx.us', 1);
insert into NHANVIEN (MaNhanVien, HoTen, CCCD, SoDienThoai, DiaChi, Email, MaQuyen) values (6, 'Kit', '9154593584', '2211601946', 'PO Box 57510', 'kguichard5@who.int', 2);
insert into NHANVIEN (MaNhanVien, HoTen, CCCD, SoDienThoai, DiaChi, Email, MaQuyen) values (7, 'Eleanora', '5026668870', '4708285173', 'Suite 80', 'eportigall6@timesonline.co.uk', 2);
insert into NHANVIEN (MaNhanVien, HoTen, CCCD, SoDienThoai, DiaChi, Email, MaQuyen) values (8, 'Agustin', '3127613497', '1089075080', 'Room 491', 'ajallin7@phoca.cz', 1);
insert into NHANVIEN (MaNhanVien, HoTen, CCCD, SoDienThoai, DiaChi, Email, MaQuyen) values (9, 'Emmye', '6106260861', '8876443742', '14th Floor', 'ecarse8@china.com.cn', 1);
insert into NHANVIEN (MaNhanVien, HoTen, CCCD, SoDienThoai, DiaChi, Email, MaQuyen) values (10, 'Camala', '2384272795', '7439579361', 'PO Box 17960', 'cohegertie9@mail.ru', 3);
insert into NHANVIEN (MaNhanVien, HoTen, CCCD, SoDienThoai, DiaChi, Email, MaQuyen) values (11, 'Louisette', '1309061528', '2052476261', 'Apt 1731', 'lsprowlesa@vinaora.com', 2);
insert into NHANVIEN (MaNhanVien, HoTen, CCCD, SoDienThoai, DiaChi, Email, MaQuyen) values (12, 'Bond', '1926714038', '2341971053', 'Apt 19', 'blandsmanb@oracle.com', 3);
insert into NHANVIEN (MaNhanVien, HoTen, CCCD, SoDienThoai, DiaChi, Email, MaQuyen) values (13, 'Clarey', '6479033101', '3204142187', '9th Floor', 'cpilipyakc@comsenz.com', 3);
insert into NHANVIEN (MaNhanVien, HoTen, CCCD, SoDienThoai, DiaChi, Email, MaQuyen) values (14, 'Carmelia', '4611774809', '1353659684', 'Apt 603', 'cogriffind@free.fr', 2);
insert into NHANVIEN (MaNhanVien, HoTen, CCCD, SoDienThoai, DiaChi, Email, MaQuyen) values (15, 'Bunnie', '5743384692', '7407364949', 'Apt 425', 'bauguste@i2i.jp', 2);
insert into NHANVIEN (MaNhanVien, HoTen, CCCD, SoDienThoai, DiaChi, Email, MaQuyen) values (16, 'Jeanna', '1621761929', '2758815910', 'Suite 42', 'jambrogellif@china.com.cn', 2);
insert into NHANVIEN (MaNhanVien, HoTen, CCCD, SoDienThoai, DiaChi, Email, MaQuyen) values (17, 'Yance', '1338165291', '4949331712', 'Room 123', 'ybernardinellig@scribd.com', 1);
insert into NHANVIEN (MaNhanVien, HoTen, CCCD, SoDienThoai, DiaChi, Email, MaQuyen) values (18, 'Elenore', '6912791221', '4943332307', 'Apt 1802', 'estortonh@va.gov', 1);
insert into NHANVIEN (MaNhanVien, HoTen, CCCD, SoDienThoai, DiaChi, Email, MaQuyen) values (19, 'Broderick', '3474680385', '6278489476', 'Apt 296', 'bkocheri@instagram.com', 3);
insert into NHANVIEN (MaNhanVien, HoTen, CCCD, SoDienThoai, DiaChi, Email, MaQuyen) values (20, 'Deva', '3584974987', '5808781189', '1st Floor', 'dturfittj@examiner.com', 2);

insert into LOAIHANG (MaLoaiHang, TenLoaiHang) values (1, 'Garrott');
insert into LOAIHANG (MaLoaiHang, TenLoaiHang) values (3, 'Jacki');
insert into LOAIHANG (MaLoaiHang, TenLoaiHang) values (2, 'Selia');

insert into SANPHAM (MaSanPham, TenSanPham, MaLoaiHang, GiaBan) values (1, 'Tedie', 2, 484272);
insert into SANPHAM (MaSanPham, TenSanPham, MaLoaiHang, GiaBan) values (2, 'Melinde', 1, 170036);
insert into SANPHAM (MaSanPham, TenSanPham, MaLoaiHang, GiaBan) values (3, 'Karie', 1, 96079);
insert into SANPHAM (MaSanPham, TenSanPham, MaLoaiHang, GiaBan) values (4, 'Kenneth', 2, 421447);
insert into SANPHAM (MaSanPham, TenSanPham, MaLoaiHang, GiaBan) values (5, 'Suzy', 2, 470989);
insert into SANPHAM (MaSanPham, TenSanPham, MaLoaiHang, GiaBan) values (6, 'Loretta', 3, 301437);
insert into SANPHAM (MaSanPham, TenSanPham, MaLoaiHang, GiaBan) values (7, 'Ali', 2, 331760);
insert into SANPHAM (MaSanPham, TenSanPham, MaLoaiHang, GiaBan) values (8, 'Bob', 2, 81022);
insert into SANPHAM (MaSanPham, TenSanPham, MaLoaiHang, GiaBan) values (9, 'Franciska', 1, 380734);
insert into SANPHAM (MaSanPham, TenSanPham, MaLoaiHang, GiaBan) values (10, 'Keith', 3, 157667);
insert into SANPHAM (MaSanPham, TenSanPham, MaLoaiHang, GiaBan) values (11, 'Harcourt', 3, 275178);
insert into SANPHAM (MaSanPham, TenSanPham, MaLoaiHang, GiaBan) values (12, 'Amberly', 2, 245949);
insert into SANPHAM (MaSanPham, TenSanPham, MaLoaiHang, GiaBan) values (13, 'Artur', 1, 296381);
insert into SANPHAM (MaSanPham, TenSanPham, MaLoaiHang, GiaBan) values (14, 'Myrle', 1, 215731);
insert into SANPHAM (MaSanPham, TenSanPham, MaLoaiHang, GiaBan) values (15, 'Deeyn', 3, 223824);
insert into SANPHAM (MaSanPham, TenSanPham, MaLoaiHang, GiaBan) values (16, 'Annalee', 1, 52605);
insert into SANPHAM (MaSanPham, TenSanPham, MaLoaiHang, GiaBan) values (17, 'Dwight', 3, 172623);
insert into SANPHAM (MaSanPham, TenSanPham, MaLoaiHang, GiaBan) values (18, 'Shara', 1, 66898);
insert into SANPHAM (MaSanPham, TenSanPham, MaLoaiHang, GiaBan) values (19, 'Bondy', 2, 68069);
insert into SANPHAM (MaSanPham, TenSanPham, MaLoaiHang, GiaBan, Anh) values (20, 'Isabeau', 3, 103659, '0xFFD8FFE000104A46494600010200000100010000FFDB004300080606070605080707070909080A0C140D0C0B0B0C1912130F141D1A1F1E1D1A1C1C20242E2720222C231C1C2837292C30313434341F27393D38323C2E333432FFDB0043010909090C0B0C180D0D1832211C213232323232323232323232323232323232323232323232323232323232323232323232323232323232323232323232323232FFC00011080096009603012200021101031101FFC4001F0000010501010101010100000000000000000102030405060708090A0BFFC400B5100002010303020403050504040000017D01020300041105122131410613516107227114328191A1082342B1C11552D1F02433627282090A161718191A25262728292A3435363738393A434445464748494A535455565758595A636465666768696A737475767778797A838485868788898A92939495969798999AA2A3A4A5A6A7A8A9AAB2B3B4B5B6B7B8B9BAC2C3C4C5C6C7C8C9CAD2D3D4D5D6D7D8D9DAE1E2E3E4E5E6E7E8E9EAF1F2F3F4F5F6F7F8F9FAFFC4001F0100030101010101010101010000000000000102030405060708090A0BFFC400B51100020102040403040705040400010277000102031104052131061241510761711322328108144291A1B1C109233352F0156272D10A162434E125F11718191A262728292A35363738393A434445464748494A535455565758595A636465666768696A737475767778797A82838485868788898A92939495969798999AA2A3A4A5A6A7A8A9AAB2B3B4B5B6B7B8B9BAC2C3C4C5C6C7C8C9CAD2D3D4D5D6D7D8D9DAE2E3E4E5E6E7E8E9EAF2F3F4F5F6F7F8F9FAFFDA000C03010002110311003F00F2CBF1853CD60393E61E6B66FAE03AD6216CB9ACA1B0325849132F35A12B1F24F3DAB3E1E665AD0906616FA558156D326715D1C3C475CF597137E15D9E87A0DF6B3CC09B2DC32AC93B9C2A67BFBF7E056555A4AEC8942536944A51E4F0324FA0AE8744D0756D46DE5B9B4B2964862FBEFC0ED9E33D7F0AEEF48D22D7424B7369610CF7489913491E5F2189DCD9E17827A1CE00AB6D773C3702E44A92F9CA1D940CAAE7A0FA81F957955B308D2D62AE7752CAE557E2958C65F02EAFE482D25A2499C189A71B8719E7B5676A3E05D716E96DC470397CEC7132E1863AF3CE3F0ADBBCD4A7B894CD248C5C1C029C1C7D45519F56991239E092E848A3CB772D91CF400FE7C5611CE2526ED13BBFB0924AF239BBBF87DE27854B0D31E4007FCB2756CFE00E4D70BADD95D59CCA97304D0BFF0076442A7F5AF6AD3FC41348111E492221D53CDCFCB8FEE9C83CE01C568CDE23B1D6639ED355D3D2F924631A679438C600CFF163E879FA577D2CC212579687254CB274E5EEEA7CDDCE7BD3B9C75AF69D5FE11E95AD406E7C2D7460B90096B2B870C09EA029EC3DF26BC8B53D2EFB48BC92CF50B592DEE2338649171FFEB1EF5E8426A4AE8E2945C5D99447DEABF013B7AD501F7AAF43F76AD822D3212959C4E246E6B50B0D9F85644A7121A92D119639EB4520FBC68A042CA5994F354B90D5A2C46CAA2C017349195896038956AFBB7EE9BE954231F38AB8AAF332C51AB3BB9C2AA8C927D29946CF83BC2F77E26D584109F2E14E659987083D3EA715EF9A758C715959C1047E558A05C6EED838000F53D727AE6B3FC01A0AE87E12B48E6B631DDCE3CC9BFBC5890541F4E0A83F8D6F5D40F342609272923389FE5EA554AF1F4FE98AF371337376E88F42845455FA8CD524B7F9D1914A93B083DFBD664E5A48A589536AA2A8DCDFC3C024FB01D296F3F7F244E6451082B33367F8770CE3D6ABB4BE64578863C2BB0C06E006278FD01C57935E4E4DA677D26A36B19970CF14134492878CB7CC53186C7BD518FED56DA74BF2AB5BCEA530C32037AFD78AB5A9CBE5C2570776083ED541EE435A4502A63692CCDB8F27E9D2B86936AEF6EC76CAA36911AA3FF67C88260B189449E59192CD8C647E150BCEE618AD47CB12399005FE263DCFF2ABE3CB6B455030E09393EF8E2991D88950C80E19580031D735B5E5B79131A917AB26B3BD9ED044E1B786CC8A158A956E9D473D81AD5D62CEC7C5F02E99AA000B826D6ECFCCD6EC7B93C6549DB91F5EFD2AA58B79613CB0427F17427233530B094481D401C15073DABA28D7AB4A5A2D0E6AD4E9D55A9E23AD68B7BA06AD369F7F16C9636C6472AE3FBCA7B8351C5F76BD93C7BA57F6DF830CCD196BED28798920EAD113F329F61D7F0AF1B8ABE928D55560A48F1274DD3938B1F2484262B3E5396ABF327CB59EDF78D6840D14521FBD450043E6B1CD45B8EE26A44C6298CBF350644D137CC2BA5F07877F1968C232A1BED9160B74FBC2B968F8615D2783E568BC61A3BAA6F61771E1738FE214A5B32E3B9F4D5E6A4965190C8A11186D6EA5B239FEB5E7F278E2D61B88D2DACA7BBBA550AA002A4920E473C9EDDBB55AD7755BF17F05A586C6BFBB25026C04AA1FBA7F1E4D6DE99E19B1F08D84D75732ADCEA0E30D230FBBC6702BC869D477E88FA38D0A387A3CF5B594BE14BAF9BECBF338496FF5C50CA96296A65ECEC58E339C530EA3AE468C25963DA486C6DEFEB572FBC4F6E978C92CA99DDD33CD49098F52FDE311E5F41CF5AE29AB69144C6B5B59452398BCF136A5116492DA3B843FC40114C8BC492C8573A6B00473893FFAD5D5DCE91063200AA63478C3760293E5B59C3F12FDBD368AA9AF5988F718AE0023050A0C83EBC1E454C9AF585B22017A1770DC038230738C1CD5A5D22D49F98FE54D9741B19D4A15E0F5C8CD4C69C1FD9FC48F6B0B9BBA7EA915C468D1CB1BEE6C1DA411D3AD6CBCC086014E000723D0F5C1AF1BD6343B8D06E165B4B9658A43F2946C107D0D5FD1BC7FABE9DB6DEE523BA8C7CA1986180FAD76429E9A3BAFC4A9612738A9D3D533D7161495240C9BA3914A3AFAA91822BE77D46D7EC1AB5E5A007104EF18DDD700915EEDE1ED7ADB5A849815940504A375539FE55E23E21944DE27D52405486BA90E50E41F98F22BBF07D6C7918A8CA32E592B34556198EB2A71890D6AE7F7759971FEB0D769CCC8734537BD1408AE8FD8D380C9CD0919F4A902D333426306B57C3F14D71E20D3A081D92592E235575EAA4B0E6B3B15D5F832CA386F2E6FEF1658BC8B5335AB82577485828C1FC4FE47D2B2AD250836CE9C251956AF184776D1E8BA0EB16FA7F8FAEEFB519C4823F3115DB8F981C0007E1815B3E20D52436D2EA37E5511D330DB3807248E0B03E991C5711E1AB592F7C430CA42BC701F3642CDD0E0E0FB9CE297C6DA9B4D75240EE1CAB9D81738503FA9AF9E9CE739AA49E9BB3EE71583A72C526FECC527F2399D46E7ED3BA73144D386C991500CFB9A845CCF6B01105ECB1ABE199233C293E9E955A177DCC8A54330C0CF43EC6AD5A0696DDE67604A8DBBC804F5CF4EF5E859455BA1E756829CAF62EDBEB9AD470656712C608C99072A3D6A74F116A3247209A68E138255B6FA67AE7BF4A65CC11C7A7848F6492BA0F346EE8739E9F90FA8AA571A7C0583C976ED3F528C9919EE3AF6AC92A72DD7E073CA828EE8B8FA9EA4FE54D15EB18DD33BB03823A8C63FCE6A4D3FC41A999DA2B8986C5EB204E9F5ACE30489769332A3418014AF1D31C9F7C54775225A92C24664566407BFB1C771D466AB922D72A4274E1BC9684FAD6A578F2471DD29191BC367822B3839621AACDC4A2FB4C494B0DC9F2EDC7AE075FF003D6A92208DD5776723F235AC22946D6D4EDC34DC7DC5B1DBF842F12D9E4629234B00334423FE3F94E50F38EC0FE75C0BCAD34F24AE7E6762C7EA79AEC7C3172B67A82DCA7FCB3424E7BE48E2B07C4760BA76B73244816DA5FDEC183C6C6E9F9723F0A7849A55650EFA9E6E7949A9AA9D0A40FEEEB3AE7FD656803FBBACDB93F3D7A4782C83BD14A28A045A307EEF38AAE461B1579A4FDD552272F4A3720561C57A4E98AD75A2695A7E9C8184D01CEFCE3767E66FC086FE95E6EC38AF4CF85BA6F976F77AACCEC401E4C718EA0123247A7231F81AF3F33B2A5CEDECFEF7B1EAE5188746BDD2BB6ADE82829E1CF10BC2B207475442F9CE1B2A4E7D07CA7F3ACBF10C12CBA84B294F9B3CAA723B57692E996F792DD3A41B2089C2B48CB967007DD1E9CE49CD66EA377F6B306A3A7C70ABBC6C24475DBE76081EA3904679ED5E3D3ABEFA95B5B6ACFAC55252BD95FF003392B4F0FBDE444B3885FE62BBCF042F5E3F2A82FE79229041161523403119FF0039A6EAF7730BFF00B3A2BFEE49540480073C9E3DEAACD6BA94F6AF3A5B62240199CF7FCFAD7A905276736ACCE09D48C5BB6AC496F9A38B6A606E5DB83DB352413C31DA932C25B38C1619C9F5F6ACBBC4B931C65815192C70BDFD4D13457D059C333E0C529648CFAE3FFD7FA56FECA2D2573CEAB8CF79F3236EDF52814A79937CA9C608E0F033C1F7AAF7B0F9D335B5BC65CED1B73F29191C727B60E7159A9A4DD2347E7370CBBC0CFAFF00FAAAC0760EB966F3D48E7D31D3F2153C918CAF065C64EAC6D3562295350D2A458E781D7B8FEEB639FC6A6B2952EEFC34C5514B6E2B9C0EBC8AEAA159E69A1864D8C3CADE013CA1CE413F9E2A1874786E750777894C39C055EA09C6727B562F13169F32B3B6E8DE9D2A9092F7AE8727D9E58E1308D8D22988281807E6383F5E39FC2B035ABA7B8D45A2739FB36600DDDB04E49FC73F862BAB9E0BDD22D21BBB4B092E88DF2290DB9631EC3AF1C5705860C77021B3C8357828A949CFA7439336AF74A9C5FA9654FEEEB36E0FEF2B453FD5D675C8F9EBD33C321EF453851408BDB0F95D2B4BC3FE10D5BC4571FE89015B707E7B89388D7F1EE7D853E064B729298A39B6F3B2404A9FAE0D47AAF8A758D4231692DEB25A28C0B78408E303D36AE0565CD37A44877E87B0F87FC13A126892592BDBDCC4E584D7A0296624EDDA0F38039E07A7AD5A98A6916A618D6148B2A15621F786DC0CFB818FC6B0BC0F76751F0AE996AB2E258BCE5C1E876B039FC03A8E6B626B2B907CEBA509B63223694E048413CE3B9C11F957C762EAD475A519F46FF3B0A1889519A71DCE6E4D40C3737104BB92DE4B932070A4A9F971B4E3B83835850EA66E57FB32FA3723CDDEB32F55071F98ADFBB96127EC56E8CB233823B679C9A6DD5CDB5FD8164443259B4714B205F9B904027DBE503F1AEAA73497C3FF0003B33E870D9FC64ECD59BFEAE7350E9D05AEB8B26A0716BBC26E270083DFF5ADCF16584A2D6DED62222689883BB2011C0C71E98E3F1AB5ACE8D6B65A7E991EA29231913CC9F272E339381E8702B2FC5DAD34F1B4B1C5B6DD580561D89EDF5ADAF39D585B75F71E663338752B5A936BBFF999935CC316BC6CE750D022ADBC8360CBE1572DF8B0ACDD7EE036AF02C921F2506E5247033CE71EB9A517D149646EDE32F77B9114371D4FDECF4ADBD4347DBA15E5F88125BD709142339DA15BE623EBD39F4F7AED4D539C79BD3E7A6A714312D568CEA7A7E5A99D15BCBAB048AD49CC4BE649211C22F4C67D7A0A92CBC326E2F123377F31623023E0E39E4E6A7F0DCB2E87A44F77A842585D7FA384538318277163F90C55FD775687C3F35A3D95B02D37CEECC490B9EDF8E6B1A952AA9BA74BCEDB7CCEAAD98D495651A4FF00AF999FAADBCF6B74B7528DA928DB1946E72BD78AD3D30C4E5B6387E70483FC58AC7F125CDC5F5CDBBAC6CBE5C01C229E0023279F5EB50F87F51C1C06011DB272791EF533A529D052EA7BD82C5BA905CEEF23A636F362DCDAB62E2294A852782871FAD53F190B3BCB19AEA4B2116A110406456E18640CFA1EBF5A6DFC6F75023433F97801D89E87B7E9CD67EB1A84F0E82B6EEA932CEB86900C18C86071E841A785E6E68D9EB72F3050749CA5FD33984FF57552E2324E6AD47F7299704100D7D01F305051C9A29037CED8A2811A86E07978CD67C8DB9F34993EB498A12B105ED3F50B9D3AF60B9B79991E27DCBC9C7BE7D8E39AFA29E2378B15BCA3CC46CAC68390BB549C1F4E99E7D457CD27A57A4FC32F11B249AD5ADF4F2CEF3DB06883B649230A71DFEEE3F2F6AF2F33C0C2BA552F6E51AA7ED1A5D4EC757B1864B781EDDCACECF852BD4027005695CD9F85FC2FA74D3CE11AE6EE433BC7924C87F8463BE324E0FAD606A7657315AC570CF702DB2A5CAF041201DBF9563F89A6B39EEDDE269248131E4BE4F3C0AF0F04ACED2D53BFA6EBFA4736128B9D49A6B5367E215EB2B5904884DB76CB728AD831A7007E7B8FE55CA4FE1D9ADEE755B4BF190594633C1201C301F88AD57BD5BCF1225D4A3CEB511C71CA80FF00AC50A3233FE79AD0D6B50B5BCD52EA58587943E7F4E2BD18357B276FEAE74ACBA57552470F068EFF006274B838283E4039DD51BDB5CDEADBDB5E96221776D993C0201E7D4F14B79732CF7123090F979F900ED535ADD93A8C6D3373B7927B92B8ADDB77BC4AAF85E4E57DD938B8135EC96D39D80ED911738DEDDB157759BC867F2BF7449972CF1B8E9D863DAB5E2D334EBFB28E670A2781F863E95CBEB1AA8FED5967B750D02AB2A71D4E0FE993587B16E49DB639EA619EF1E84FE646E628D3712095650DB8A8C03FC89AA9159430DD028046B312B296FE01D987E38E2B3ED62457FB465848D1AC853D4E393FD6B47481E65BDCAC91BCB3329078CF1EB5A4A1C89F2B30A75AA425EE17209274DF04CA1CE7606070319E79F4AD7D5344377E0BB9FB046CF3AC8B218C2EE628B9CE0FB71F9563D9C7B621147BCB444E3770704F43F4E6B5B55BDB887C3FA9431BC8EC6DFE65C7F0965C9FCAB95B92AD1E4EE8F42AE615AA3516ED7D1A3CE50FCB556E58E7152ACA02D559DF26BE944420FCC68A629F9CFD28A605BA2BD653C0FE1245FDE4D7729C7F0C87FF0089A97FE10DF05E33E45E8C777B823FF65AE6FAD5334FAB543C80F4AE8BC033A5B78EB48924202F9FB4E7FDA047F5AEE9FC23E104276DBC8DEDF6973FFB2D40BE16F0DACAAF1DB4D1B03905667241FCAA2A62A128B5AEA5C30F3524CF55BD3A74B632D9CE50C722EE45006549E87F3AE275AD32C23D392D21D80C44E481C93D3FC29B2F9F29DD06A5347850373C61B3F5CE3DEB0EEB46BDB80EDFDB527272736DFE06BC454AA49EB647A6A3461AC6F721805B5B64039008239EA38FF0359DA85D46C1973C631533F862EA41C6AC47FBD6E47FECD5527F06DD3B0C6AA8C4F3831103F9D74470F1E6BCA453A9A688C39EE5117AFE54F668E55524F05067F3C55C7F055D03F36A91EEEA0185AA43E0EBB16BB3FB423273C37967A7A7E75D76A7A5A47156E69B8D96CEE4704CFE494F3E4D9D08DDD6A39904E3CA41C93C5594F09DDC601FED54DBFF005CCFF8D28F0D4E41CEA79C9EA23FE553EEA77E62A50E6E866DA4925A4ACE402C300260735DC785674B379DEE2D9636701839208FA0F7E95CD0F0B3A36E3A949BBDE3A9A1D13276C9AACAAA3BEC3FD294926EF16AE732C24233E7699A578E8DA9CF1C0A9B99CB7983A80DCE3F9FE7593ADF8BAD62B29EC52033CF2C2D0CD26EC043C631C738201AB71787F4C6625F5C98127276C4F9FE7572DFC3BE07850FDA05C5CB9EA5CBA8FD0D14E85253E7A8CCEA61D37CD1479579F4D2FBABD7C787FE1DBB2AB23C618E37169703EBCD12F86FE1FC4088E19E73DB6CB20CFEB5E97B686E47B29F63C787DFFC28AF517D07C24F211169372A077372DCD153F59A7DCAF613EC3D6EE6EF2863F41538BC7C7CC7383E9530D3A32C5999828EA739FE8299259D8AFCA0B1FAAE7FA57CE7B54CF7553233A93A91B4C80FB27FF5A9ADA95C861B1093DDB23F954D0A59E3015C8F5E98FD294D9DB9C95731A8EBF283FD28F6B663F67A111D4B516180FB41FA530EA570BC3CA33E8179AB09691BA911DCF98DE8B807FA531AD1D0305490BFA6DFEB9C51ED56C2F66547B9BA707FD21C7F9F4A417331DAAC54FA64B7F4A618D6262C66918F71B071F9D1B891B85C5AEDF43C1AD6EC5CA893CDB857DE8FCE7A06341BCBC3B833A8CF6DFF00D299B95D3F726266C750E067F954656E957FE3D8B1F639A357B872AE8486E241F79A203EA7F9547F6E60B81320F4C0A85A7D83125BB29F7AAED3AB8C2C3CFD2A946FB93B6C59FB492D93724FE548D7273C4C0FE02AAB06182500FA605355933925727DEAD4106ACB3E6EECEE7EFD9719A89CA30FF5847E3513491AF4D9F81A85A651D98E7D0E7156A2C86AC56BF92485D5D240474201AE9ECC6FB781C630467F1AE56F644962D98C312306BAEB001744DFC65703F2AD67A41232B7BCC716D929C7A6318A2A19D81949C903DA8AE6BD8B123BC7C903773C1CB1355E5D6A647F2F6F4E320D1454C29C5BD51D77B5841AE329C6D73CF739A7C5ACCEE4B0760A3A0E28A2A9D385B61DDDC749ACCAA0AB176CF5E7154DF579360D8D2AF19CEFE68A29C29C7B0DBD4A726A1212597249EA4E01FD055692FE76E437E7CD14575C611B2D0E394E57DC48F5099C11F2F071CF35646A33A8040418E847068A29CA9C7B04672B6E126AD74D16C7959D5BB31CD673DD4C49DA401D68A29D3847B0AA4E5DC8DA699864C871E94CFB44A3A351456EA2BB18F3CBB88D34CC3EFF001E94824971F78FE74514AC89E797723F35CC80704E7A935DD69C5BFB20A67AB60D14563884BDD2E2EEC67CCF1AB719E945145723DCB47FFFD9');

insert into DONMUA (MaNhanVien, MaKhachHang, TenDonMua, TongTien) values (12, 15, 'Vitamin E Velvet Mask', 1437063);
insert into DONMUA (MaNhanVien, MaKhachHang, TenDonMua, TongTien) values (2, 2, 'Digoxin', 434244);

insert into CHITIETDONMUA (MaSanPham, MaDonMua, SoLuong, DonGia) values (20, 1, 2, 207318);
insert into CHITIETDONMUA (MaSanPham, MaDonMua, SoLuong, DonGia) values (12, 1, 5, 1229745);
insert into CHITIETDONMUA (MaSanPham, MaDonMua, SoLuong, DonGia) values (15, 2, 1, 223824);
insert into CHITIETDONMUA (MaSanPham, MaDonMua, SoLuong, DonGia) values (16, 2, 4, 210420);

insert into NHACUNGCAP (MaNhaCungCap, TenNhaCungCap, SoDienThoai, DiaChi) values (1, 'Fulger', '4803051767', 'PO Box 42693');
insert into NHACUNGCAP (MaNhaCungCap, TenNhaCungCap, SoDienThoai, DiaChi) values (2, 'Gittins', '8411024490', 'Apt 1955');
insert into NHACUNGCAP (MaNhaCungCap, TenNhaCungCap, SoDienThoai, DiaChi) values (3, 'Dosedale', '2757588381', 'Room 27');
insert into NHACUNGCAP (MaNhaCungCap, TenNhaCungCap, SoDienThoai, DiaChi) values (4, 'Debenham', '8751252940', 'Apt 1785');
insert into NHACUNGCAP (MaNhaCungCap, TenNhaCungCap, SoDienThoai, DiaChi) values (5, 'Rawe', '3588356950', 'Room 721');
insert into NHACUNGCAP (MaNhaCungCap, TenNhaCungCap, SoDienThoai, DiaChi) values (6, 'Scruton', '7803517724', 'Room 108');
insert into NHACUNGCAP (MaNhaCungCap, TenNhaCungCap, SoDienThoai, DiaChi) values (7, 'Markwick', '4953139537', 'Apt 488');
insert into NHACUNGCAP (MaNhaCungCap, TenNhaCungCap, SoDienThoai, DiaChi) values (8, 'Elleray', '6372175481', 'PO Box 96450');
insert into NHACUNGCAP (MaNhaCungCap, TenNhaCungCap, SoDienThoai, DiaChi) values (9, 'Buckingham', '3318630098', '9th Floor');
insert into NHACUNGCAP (MaNhaCungCap, TenNhaCungCap, SoDienThoai, DiaChi) values (10, 'Durrance', '6412590209', 'Suite 42');
insert into NHACUNGCAP (MaNhaCungCap, TenNhaCungCap, SoDienThoai, DiaChi) values (11, 'Giacovetti', '2143576770', 'PO Box 4608');
insert into NHACUNGCAP (MaNhaCungCap, TenNhaCungCap, SoDienThoai, DiaChi) values (12, 'Forcer', '4326022009', 'Room 1641');
insert into NHACUNGCAP (MaNhaCungCap, TenNhaCungCap, SoDienThoai, DiaChi) values (13, 'Crowcum', '3125064194', 'PO Box 49666');
insert into NHACUNGCAP (MaNhaCungCap, TenNhaCungCap, SoDienThoai, DiaChi) values (14, 'Micka', '5137672223', '16th Floor');
insert into NHACUNGCAP (MaNhaCungCap, TenNhaCungCap, SoDienThoai, DiaChi) values (15, 'Bissatt', '4786490455', 'Apt 968');
insert into NHACUNGCAP (MaNhaCungCap, TenNhaCungCap, SoDienThoai, DiaChi) values (16, 'Martschik', '7122306597', 'Apt 841');
insert into NHACUNGCAP (MaNhaCungCap, TenNhaCungCap, SoDienThoai, DiaChi) values (17, 'Keling', '4315269568', 'PO Box 51817');
insert into NHACUNGCAP (MaNhaCungCap, TenNhaCungCap, SoDienThoai, DiaChi) values (18, 'Dibsdale', '6621858220', '6th Floor');
insert into NHACUNGCAP (MaNhaCungCap, TenNhaCungCap, SoDienThoai, DiaChi) values (19, 'Penberthy', '8252460798', 'Room 1431');
insert into NHACUNGCAP (MaNhaCungCap, TenNhaCungCap, SoDienThoai, DiaChi) values (20, 'Rannigan', '3803313633', 'PO Box 47028');

insert into PHIEUNHAPKHO (MaNhaCungCap, TamUng, MaNhanVien, NgayThanhToan) values (1, 0, 1, GETDATE());
insert into PHIEUNHAPKHO (MaNhaCungCap, TamUng, MaNhanVien, NgayThanhToan) values (2, 0, 3, '2023-10-28');
insert into PHIEUNHAPKHO (MaNhaCungCap, TamUng, MaNhanVien) values (2, 4500000, 2);

insert into CHITIETPHIEUNHAP (MaSanPham, SoPhieuNhapKho, SoLuongNhap, GiaNhap) values (1, 1, 7, 200000);
insert into CHITIETPHIEUNHAP (MaSanPham, SoPhieuNhapKho, SoLuongNhap, GiaNhap) values (2, 1, 17, 100000);
insert into CHITIETPHIEUNHAP (MaSanPham, SoPhieuNhapKho, SoLuongNhap, GiaNhap) values (3, 2, 10, 300000);
insert into CHITIETPHIEUNHAP (MaSanPham, SoPhieuNhapKho, SoLuongNhap, GiaNhap) values (4, 2, 15, 100000);

insert into PHIEUXUATKHO (LyDo, MaNhanVien) values ('Hayden', 1);
insert into PHIEUXUATKHO (LyDo, MaNhanVien) values ('Qaisumah', 2);

insert into CHITIETPHIEUXUAT (SoPhieuXuatKho, MaSanPham, SoLuong, DonGia) values (1, 10, 2, 315334);
insert into CHITIETPHIEUXUAT (SoPhieuXuatKho, MaSanPham, SoLuong, DonGia) values (2, 1, 2, 968544);
insert into CHITIETPHIEUXUAT (SoPhieuXuatKho, MaSanPham, SoLuong, DonGia) values (2, 2, 2, 340072);
insert into CHITIETPHIEUXUAT (SoPhieuXuatKho, MaSanPham, SoLuong, DonGia) values (2, 7, 6, 1990560);

insert into TAIKHOAN (SoDienThoai, MatKhau, MaQuyen) values ('admin','admin',1);
insert into TAIKHOAN (SoDienThoai, MatKhau, MaQuyen) values ('employee','employee',3);

